First Name,Last Name,DOB,SSN,State
Sarah,Simpson,12/04/85,XXX-XX-8166,FL
Samantha,Lara,09/08/93,XXX-XX-7526,CO
Stacy,Charles,12/20/57,XXX-XX-8526,PA
Michelle,Roy,07/29/78,XXX-XX-3944,MI
Joseph,Rogers,03/28/85,XXX-XX-3515,MN
Erica,Hines,10/13/75,XXX-XX-6153,NY
Zoe,Patel,12/20/67,XXX-XX-0817,WI
Matthew,Harvey,01/20/90,XXX-XX-0346,TN
Shawn,Davis,07/21/61,XXX-XX-1581,WV
April,Baldwin,08/07/61,XXX-XX-2014,MO
Vincent,Daniels,01/06/72,XXX-XX-2754,MT
Ann,Fields,08/22/60,XXX-XX-7911,IA
Jeffrey,Pearson,05/05/79,XXX-XX-2578,IL
Heather,Johnson,09/23/89,XXX-XX-0904,GA
Melissa,Fletcher,03/14/79,XXX-XX-6881,RI
Kimberly,Alvarez,09/04/84,XXX-XX-8680,LA
Monica,Jimenez,04/08/88,XXX-XX-1668,ND
Steven,Johnson,05/28/62,XXX-XX-7070,NE
Sarah,Wood,06/15/72,XXX-XX-6715,FL
Jesus,Petersen,03/28/58,XXX-XX-0770,OK
Rhonda,Rosales,04/10/63,XXX-XX-0286,AL
Nicole,Richardson,09/09/81,XXX-XX-5228,LA
Jennifer,Mendez,07/20/77,XXX-XX-1994,OR
Sandra,Petty,01/30/81,XXX-XX-7629,NC
Michael,Hester,04/13/87,XXX-XX-6836,SD
Joseph,Brown,08/28/82,XXX-XX-4744,NH
Michelle,Cooper,08/23/93,XXX-XX-2306,WA
Barbara,Wise,12/15/91,XXX-XX-7662,IN
Carol,Rosales,07/20/84,XXX-XX-4907,NJ
Mark,Villa,02/24/69,XXX-XX-2207,MS
Russell,Orozco,09/16/73,XXX-XX-5514,MS
Michelle,Sanchez,08/21/94,XXX-XX-5222,OK
Briana,Ayala,10/31/65,XXX-XX-4542,CT
Shane,Roberts,12/14/58,XXX-XX-6030,HI
Cassandra,Morris,01/24/73,XXX-XX-3831,MT
Krista,Thompson,07/25/84,XXX-XX-7445,KY
Jon,Bennett,09/13/57,XXX-XX-1689,NM
April,Thomas,12/03/93,XXX-XX-3580,CO
Haley,Martinez,01/15/68,XXX-XX-3736,ID
Isaac,Stafford,11/25/89,XXX-XX-5036,SD
John,Martinez,01/06/87,XXX-XX-3936,NH
John,Phillips,12/08/82,XXX-XX-4070,WV
Gary,Shelton,09/11/78,XXX-XX-9672,SD
Amanda,Gordon,10/12/69,XXX-XX-2966,ME
Jessica,Holt,09/12/63,XXX-XX-6084,NE
Stephanie,Estes,07/15/66,XXX-XX-9779,SD
Jessica,Brown,02/01/92,XXX-XX-7328,MS
Donna,Manning,05/19/73,XXX-XX-7781,NM
Nicholas,Owens,08/20/91,XXX-XX-7882,VA
Wendy,Ryan,05/13/60,XXX-XX-0741,AZ
Kimberly,Hooper,09/08/71,XXX-XX-3136,GA
Deborah,Gonzalez,05/28/75,XXX-XX-0643,MT
Laura,Yoder,04/18/87,XXX-XX-3016,IN
Kimberly,Velez,03/07/58,XXX-XX-0707,AZ
Kevin,Garcia,05/15/73,XXX-XX-4337,OK
Marcia,Jones,11/20/72,XXX-XX-0963,ND
Nicole,Baldwin,08/11/78,XXX-XX-5508,NV
Katherine,Juarez,02/13/86,XXX-XX-8687,CA
Paula,Thompson,09/22/85,XXX-XX-7734,NC
Joan,Hoover,02/27/73,XXX-XX-5429,NM
Stephen,Simon,11/28/62,XXX-XX-1621,NV
Rebecca,Taylor,09/30/62,XXX-XX-9126,MN
Lindsay,Owens,04/28/73,XXX-XX-6742,DE
Justin,Payne,07/03/83,XXX-XX-7892,AK
Michelle,Thornton,01/25/61,XXX-XX-4112,GA
Timothy,Hill,08/11/85,XXX-XX-4460,SC
Karen,Johnson,01/05/76,XXX-XX-5174,OH
Alexis,Mcintosh,03/01/62,XXX-XX-9185,KY
Susan,Fitzgerald,09/18/61,XXX-XX-3222,AL
Amber,Stewart,08/26/58,XXX-XX-3120,OH
Taylor,Evans,07/17/83,XXX-XX-2641,NJ
Tracy,Knight,09/27/93,XXX-XX-8339,ID
Jason,Parks,02/27/81,XXX-XX-2601,AZ
Jonathan,Carroll,06/15/73,XXX-XX-7126,SC
Sara,Wallace,06/21/59,XXX-XX-6918,MS
Jeffrey,Mitchell,05/23/69,XXX-XX-4559,UT
April,West,03/11/86,XXX-XX-9544,DE
Ryan,Reynolds,02/05/73,XXX-XX-2883,IN
Rachel,Bell,07/24/89,XXX-XX-1379,AL
Amber,Williamson,06/20/84,XXX-XX-4567,LA
Tony,Park,10/08/68,XXX-XX-7749,UT
Robert,Jefferson,10/04/81,XXX-XX-6302,OH
Sarah,Hernandez,07/05/87,XXX-XX-5549,WY
Margaret,Foley,12/19/68,XXX-XX-4633,CA
Tina,Christensen,03/01/88,XXX-XX-0333,TN
Isaac,Gomez,10/16/87,XXX-XX-4728,WY
Phillip,Davis,04/24/61,XXX-XX-5132,VT
Brian,Douglas,09/18/79,XXX-XX-9324,NV
Teresa,Wilson,08/12/94,XXX-XX-9378,IN
Timothy,Wilson,11/21/93,XXX-XX-1270,WV
Lori,Davies,08/21/80,XXX-XX-9489,AK
Brittany,Stone,11/21/85,XXX-XX-0950,CO
Matthew,Rogers,03/09/74,XXX-XX-2560,CA
Francisco,Gardner,08/18/72,XXX-XX-0367,WI
Ashley,Patrick,12/06/79,XXX-XX-7953,OR
Brandi,Frey,07/23/79,XXX-XX-2997,MD
Garrett,Kelley,12/20/74,XXX-XX-1192,PA
Robert,Barron,04/19/85,XXX-XX-0735,NE
Lee,Serrano,06/19/67,XXX-XX-0867,WV
Jessica,Vance,04/30/59,XXX-XX-9076,DE
Russell,Ashley,02/15/73,XXX-XX-2395,OH
Catherine,Richardson,10/03/89,XXX-XX-2969,WY
Sheri,Hamilton,03/12/86,XXX-XX-9319,NH
Craig,Strickland,02/27/68,XXX-XX-3498,ND
Brandon,Hall,09/30/69,XXX-XX-6416,AK
Karla,Adams,11/18/62,XXX-XX-7524,VT
Ernest,Washington,07/15/90,XXX-XX-9800,FL
John,Owens,05/15/89,XXX-XX-7554,MT
Roberto,Farmer,05/04/68,XXX-XX-3936,LA
Tom,Bailey,01/24/80,XXX-XX-1663,IA
Jennifer,White,01/17/66,XXX-XX-1698,MI
Courtney,Mendez,11/25/61,XXX-XX-8268,NE
Jasmine,Miller,05/13/71,XXX-XX-2427,MD
Amy,Bryan,06/24/69,XXX-XX-2636,CA
Melvin,Pruitt,05/06/94,XXX-XX-4970,AK
Amanda,Carrillo,10/25/57,XXX-XX-8942,MS
Anthony,Nguyen,03/10/87,XXX-XX-6484,ND
Kaitlyn,Charles,11/23/65,XXX-XX-7712,NH
Rebecca,Pollard,03/17/77,XXX-XX-9010,FL
James,Jackson,09/02/87,XXX-XX-8491,ME
Gina,Jones,02/05/64,XXX-XX-3596,HI
Tyler,Woodward,05/06/83,XXX-XX-7298,KS
Hannah,Schultz,12/28/84,XXX-XX-7228,NY
Anthony,Sims,04/20/76,XXX-XX-1311,CT
Jessica,Wallace,05/02/81,XXX-XX-7152,WI
Jonathan,Pearson,01/03/80,XXX-XX-7840,VT
Richard,Hunt,09/17/87,XXX-XX-9513,IN
Madison,Ballard,03/11/66,XXX-XX-3750,DE
Kathryn,Blair,08/07/93,XXX-XX-8028,GA
Kristina,Patterson,03/28/58,XXX-XX-5885,CT
Kathryn,Bryant,04/09/57,XXX-XX-8017,CO
Jerry,Ayala,03/02/82,XXX-XX-9737,WA
Karen,Rodriguez,07/30/94,XXX-XX-3813,CT
Daniel,Jacobs,04/24/72,XXX-XX-6724,TX
Stephanie,Campbell,08/30/68,XXX-XX-3547,TN
Michael,Pacheco,04/29/77,XXX-XX-6378,LA
Steven,Garcia,04/01/91,XXX-XX-9437,MT
Brenda,Hall,07/15/57,XXX-XX-7869,TX
Rhonda,Smith,06/27/69,XXX-XX-5595,ME
Tracy,Francis,01/26/60,XXX-XX-8950,VT
Dawn,Fernandez,04/14/81,XXX-XX-9216,NE
Matthew,Wells,08/29/58,XXX-XX-2780,FL
Joel,Walker,09/20/79,XXX-XX-6637,FL
Paula,Shea,08/15/78,XXX-XX-1746,OH
Paul,Bell,05/23/76,XXX-XX-7411,WI
Frederick,Roberson,01/02/78,XXX-XX-0114,MI
Melissa,Armstrong,03/17/59,XXX-XX-9454,OR
Jennifer,Alexander,01/15/69,XXX-XX-9026,AK
Cassandra,Perez,09/02/86,XXX-XX-1151,IL
Anthony,Austin,12/17/65,XXX-XX-9162,WI
Cynthia,Jones,08/11/76,XXX-XX-3428,RI
Oscar,Bernard,04/07/90,XXX-XX-5243,IL
Amanda,Hendrix,11/19/80,XXX-XX-7721,AR
Vincent,Henry,08/22/61,XXX-XX-5624,UT
Lauren,Bush,12/19/76,XXX-XX-3299,GA
Stacey,Bates,06/17/61,XXX-XX-1470,CA
Amanda,Khan,04/16/71,XXX-XX-9388,NE
Amanda,Sutton,12/07/73,XXX-XX-2368,AR
Joshua,Li,03/20/92,XXX-XX-6050,ID
Becky,Kennedy,04/05/87,XXX-XX-4807,MI
Laura,Espinoza,09/04/78,XXX-XX-5712,FL
Joshua,Murphy,12/31/70,XXX-XX-7318,WI
Randall,Bowen,04/11/69,XXX-XX-0666,TX
Michelle,Pham,07/31/79,XXX-XX-2595,SC
Emily,Thomas,07/10/74,XXX-XX-6906,RI
Jessica,Kelley,12/15/76,XXX-XX-4271,KY
Jeffrey,Brown,12/23/68,XXX-XX-7392,WA
Jennifer,Keith,11/24/90,XXX-XX-2614,AR
Joshua,Romero,10/14/79,XXX-XX-4169,NM
Frank,Walker,12/13/76,XXX-XX-5611,AZ
Cody,Lindsey,01/29/65,XXX-XX-8099,AL
Cody,Baker,03/09/79,XXX-XX-5896,VT
Jaclyn,Wall,12/13/85,XXX-XX-5336,SD
Kaitlyn,Roy,06/15/65,XXX-XX-0939,MN
Allison,Lee,04/04/94,XXX-XX-8932,UT
Heather,Patterson,06/08/69,XXX-XX-2886,WV
Carrie,Thomas,08/08/80,XXX-XX-8236,MA
David,Gutierrez,08/14/67,XXX-XX-9234,NE
Harold,Robinson,08/20/65,XXX-XX-7098,NM
Alex,Graham,11/27/78,XXX-XX-6911,KY
Steven,Thompson,01/01/78,XXX-XX-0637,NJ
Barbara,Martin,11/11/71,XXX-XX-5120,NE
Theresa,Cochran,02/23/76,XXX-XX-2404,IA
Michael,Madden,09/05/64,XXX-XX-2946,CO
Brian,Chase,05/01/89,XXX-XX-3628,AZ
Carolyn,Rodriguez,11/16/62,XXX-XX-2185,RI
Breanna,Williams,06/03/94,XXX-XX-8593,NC
Anne,Cook,11/11/81,XXX-XX-8560,NY
Tara,Bowers,09/22/75,XXX-XX-7048,NY
Joyce,Hall,10/10/80,XXX-XX-4819,VA
Sydney,George,01/24/59,XXX-XX-8264,FL
Lindsay,Williams,09/19/77,XXX-XX-4792,NV
Darrell,Thomas,03/14/86,XXX-XX-2653,UT
Thomas,Knight,08/07/65,XXX-XX-2441,NJ
Carolyn,Diaz,04/20/91,XXX-XX-2117,DE
Karen,Ball,04/13/86,XXX-XX-9411,ND
Ronald,Richardson,04/20/88,XXX-XX-6742,GA
Donna,Williams,09/01/86,XXX-XX-3144,MS
Molly,Wright,02/23/91,XXX-XX-7938,WA
Jeffrey,Mcintyre,06/02/74,XXX-XX-8359,KS
Tabitha,Parks,01/19/75,XXX-XX-8386,IA
Melissa,Padilla,12/08/82,XXX-XX-9382,MT
George,Harris,11/15/79,XXX-XX-2111,AZ
Cheryl,Hancock,09/03/93,XXX-XX-2522,ID
Jeffrey,Paul,01/12/72,XXX-XX-0457,MT
Wendy,Jones,04/20/79,XXX-XX-4078,NY
Elizabeth,Johnson,12/01/81,XXX-XX-8375,AR
Charles,Green,05/22/90,XXX-XX-9288,SC
Jeffrey,Cooper,12/14/70,XXX-XX-7671,MD
Judith,Brooks,01/25/71,XXX-XX-6779,IN
Amanda,Ramsey,04/10/71,XXX-XX-2683,SC
Stephen,Oliver,12/27/84,XXX-XX-5500,CA
Nancy,Rodriguez,02/13/88,XXX-XX-1027,MD
Joshua,Powers,05/13/71,XXX-XX-4897,FL
Lisa,Stein,02/07/80,XXX-XX-2075,CA
Jessica,Martin,08/18/67,XXX-XX-8568,NV
George,Hardy,04/17/90,XXX-XX-4162,NM
Jonathan,Carney,11/08/90,XXX-XX-0506,CO
Carol,Robertson,02/01/59,XXX-XX-6248,IL
Susan,Zhang,03/18/83,XXX-XX-5874,CT
Christopher,Cameron,08/30/69,XXX-XX-1053,NY
Paul,Ramsey,05/14/90,XXX-XX-6565,MD
David,Torres,03/26/71,XXX-XX-5176,MS
Barbara,Roberts,10/22/93,XXX-XX-9440,KS
Nicholas,Dunn,05/22/85,XXX-XX-1196,MD
John,Long,10/09/66,XXX-XX-8394,NE
Shelby,Porter,01/09/92,XXX-XX-7391,ME
Judith,Robinson,08/29/73,XXX-XX-3792,FL
Justin,Holt,09/19/69,XXX-XX-2854,WY
Laura,Valdez,09/14/88,XXX-XX-2068,IL
Jesse,Rosales,12/29/89,XXX-XX-0642,WV
Amy,Duran,04/02/92,XXX-XX-5581,MN
Joshua,Williams,11/06/76,XXX-XX-1375,IN
Robert,Davis,03/28/86,XXX-XX-0776,NE
Lisa,Houston,06/27/66,XXX-XX-5946,OH
Timothy,Williams,11/27/78,XXX-XX-5842,IL
Kim,Finley,03/09/73,XXX-XX-6351,SC
Andrew,Lopez,06/11/62,XXX-XX-7248,TN
Veronica,Herrera,10/22/58,XXX-XX-4723,IA
Bob,Murphy,01/14/82,XXX-XX-8100,SD
Timothy,Duncan,09/25/77,XXX-XX-7493,IN
David,Sandoval,11/26/85,XXX-XX-6963,WV
Tony,Graves,10/19/80,XXX-XX-5360,ID
Andrea,Fuller,07/17/81,XXX-XX-0698,WA
William,Carney,06/16/74,XXX-XX-3440,WY
Daniel,Dominguez,11/15/92,XXX-XX-9595,KY
David,Franco,10/30/83,XXX-XX-2451,NY
Justin,Ortiz,01/29/61,XXX-XX-6761,AK
Sara,Jarvis,07/23/64,XXX-XX-3953,WV
Adam,Green,05/09/88,XXX-XX-5674,TN
Debra,Flores,04/02/69,XXX-XX-7111,KS
Jennifer,Adams,12/04/88,XXX-XX-1210,RI
Lori,Sosa,06/14/88,XXX-XX-7062,MI
Cory,Mora,03/27/85,XXX-XX-0325,NV
Denise,Hughes,09/20/66,XXX-XX-7879,UT
Anthony,Jenkins,09/05/57,XXX-XX-0437,MA
Leonard,Soto,10/17/86,XXX-XX-1991,NE
Donald,Todd,07/16/60,XXX-XX-6930,MI
Christopher,Long,08/24/79,XXX-XX-2737,VT
Donald,Pierce,02/27/76,XXX-XX-1562,NJ
Matthew,Sullivan,02/25/86,XXX-XX-6697,MS
Brianna,Stevens,06/11/65,XXX-XX-4666,MT
Jacqueline,Villegas,02/13/81,XXX-XX-8948,SC
Mary,Diaz,02/18/64,XXX-XX-8701,GA
Steven,Taylor,12/01/85,XXX-XX-1803,NH
Edward,Jimenez,08/19/80,XXX-XX-1355,KY
John,Joseph,01/07/92,XXX-XX-0413,PA
Jared,Fletcher,07/16/77,XXX-XX-9304,VT
Kathleen,Hill,02/04/70,XXX-XX-3356,NH
Johnny,Warner,08/16/65,XXX-XX-4164,NH
Frank,Smith,02/08/71,XXX-XX-1100,IL
Stephanie,Thompson,03/26/57,XXX-XX-6249,RI
Angela,Cannon,09/13/92,XXX-XX-3459,KS
Trevor,Robinson,04/26/67,XXX-XX-3462,WV
Gregory,Powers,05/19/69,XXX-XX-8879,KS
Michael,Sparks,11/03/82,XXX-XX-6809,NC
George,Flores,01/31/89,XXX-XX-0195,IA
Michael,Hall,01/22/86,XXX-XX-0161,AZ
Susan,Williamson,05/27/73,XXX-XX-0355,IN
Luis,Norton,05/11/88,XXX-XX-6955,WI
Victoria,Pearson,03/07/90,XXX-XX-5518,ND
Roger,Nichols,01/13/76,XXX-XX-4515,OR
Jenny,Mills,11/10/83,XXX-XX-1434,WI
Joshua,Moore,09/30/65,XXX-XX-8369,PA
James,Carr,02/25/79,XXX-XX-8546,AL
David,Lane,04/21/74,XXX-XX-4614,MN
Beth,Reese,04/30/61,XXX-XX-1223,PA
Lindsay,Thompson,09/24/86,XXX-XX-1306,KS
Amber,Taylor,04/27/82,XXX-XX-6610,NY
Oscar,Yates,04/03/77,XXX-XX-0620,IL
Anthony,Cooper,06/04/94,XXX-XX-2490,CA
Tracie,Harrison,07/01/83,XXX-XX-7833,DE
Corey,Herrera,11/08/70,XXX-XX-3228,OR
Anthony,Kim,11/04/81,XXX-XX-7043,WY
Kendra,Marshall,09/11/67,XXX-XX-2658,IN
Debbie,Chang,02/17/93,XXX-XX-8022,PA
Miranda,Simmons,03/27/64,XXX-XX-2359,IL
Catherine,Murphy,08/11/68,XXX-XX-6401,RI
Nicholas,Shelton,06/07/84,XXX-XX-0704,GA
Laura,Winters,07/05/69,XXX-XX-4775,GA
Jill,Barr,04/07/83,XXX-XX-7889,MN
Lauren,Ritter,12/26/70,XXX-XX-7600,KS
Anthony,Short,06/07/86,XXX-XX-6004,WY
Patrick,Yates,05/07/67,XXX-XX-4036,NC
Brett,Mitchell,01/20/76,XXX-XX-8337,WI
Andrea,Boone,02/05/83,XXX-XX-1089,CO
Charles,Alvarez,02/01/93,XXX-XX-5142,MT
Jeff,Garner,12/21/78,XXX-XX-2191,MA
Natalie,Williams,06/14/71,XXX-XX-2753,MA
Tracy,King,11/17/69,XXX-XX-0822,NC
Michael,Huang,02/14/90,XXX-XX-6162,SC
Ray,Miller,03/09/68,XXX-XX-5774,CA
Tracey,Powers,04/28/76,XXX-XX-5107,WY
Alexander,Moore,07/05/92,XXX-XX-4136,HI
Lisa,Fisher,01/05/77,XXX-XX-4670,NM
Tamara,Gentry,04/03/87,XXX-XX-7430,SC
Christopher,Fitzgerald,04/19/92,XXX-XX-7096,MA
Jose,Olson,01/20/91,XXX-XX-7256,PA
Carrie,Wallace,02/07/66,XXX-XX-8007,GA
Crystal,Smith,04/30/91,XXX-XX-6884,NY
Caroline,Edwards,10/20/59,XXX-XX-7816,NV
Carol,Baker,08/01/59,XXX-XX-8196,OR
Alexandra,Ward,12/27/73,XXX-XX-3414,AR
Krystal,Townsend,05/15/90,XXX-XX-6839,AZ
Melanie,Elliott,06/21/76,XXX-XX-2869,MN
Tracey,Barajas,01/09/73,XXX-XX-9722,AR
Eric,Barker,12/09/76,XXX-XX-2136,GA
Olivia,Elliott,09/15/91,XXX-XX-7631,NM
Daniel,Reed,12/24/69,XXX-XX-3333,NJ
Roberto,Pierce,07/03/64,XXX-XX-9982,MO
Lawrence,Stewart,06/15/87,XXX-XX-1303,MO
Michael,Snow,02/17/65,XXX-XX-2820,KS
Ashley,Cruz,09/09/73,XXX-XX-3168,MA
Jesus,Hobbs,12/10/75,XXX-XX-2648,MS
Jody,Riley,01/08/78,XXX-XX-6681,CT
Joseph,Scott,11/23/93,XXX-XX-4445,MD
Eric,Sullivan,01/05/93,XXX-XX-8141,SC
Christopher,Cervantes,11/09/75,XXX-XX-7919,VT
Jennifer,Leon,02/03/59,XXX-XX-2413,AR
Victor,Fuentes,12/07/57,XXX-XX-5844,WA
Christine,Marshall,12/05/72,XXX-XX-6538,AL
Amanda,Garcia,12/03/61,XXX-XX-1013,NJ
Nancy,Holloway,03/13/83,XXX-XX-4965,AK
Kimberly,Banks,07/03/90,XXX-XX-7861,AZ
Laura,King,06/04/71,XXX-XX-5040,AZ
Robert,Mendoza,04/23/82,XXX-XX-0627,IA
Jessica,Black,12/11/81,XXX-XX-6296,KY
Cynthia,Duffy,07/08/90,XXX-XX-0500,NC
Aaron,Henry,10/15/78,XXX-XX-3379,MI
Autumn,Peterson,01/02/65,XXX-XX-9763,OK
Danielle,Murphy,08/15/63,XXX-XX-0413,TX
Deborah,Hoffman,10/20/86,XXX-XX-9690,MT
Kathy,Palmer,07/19/72,XXX-XX-3934,AR
Tim,Smith,04/22/67,XXX-XX-8047,NC
Renee,Campbell,11/09/70,XXX-XX-2594,MO
Bryan,Mcdaniel,04/19/59,XXX-XX-4659,FL
Rhonda,Flores,12/13/74,XXX-XX-3754,WV
Jonathan,Wright,06/17/63,XXX-XX-8490,MO
Sydney,King,01/12/77,XXX-XX-5923,FL
Janet,Gonzales,12/08/72,XXX-XX-0243,UT
Steve,Russell,08/19/78,XXX-XX-9820,WA
Craig,Pennington,12/25/57,XXX-XX-8248,ND
Andrew,Thomas,04/11/63,XXX-XX-7838,MA
Miguel,Woods,06/10/92,XXX-XX-1852,ME
Samuel,Anderson,03/02/69,XXX-XX-9480,SC
Cynthia,Clarke,05/29/62,XXX-XX-8148,MA
Adam,Mcgrath,06/20/60,XXX-XX-3185,AK
Courtney,Oconnell,04/03/84,XXX-XX-3672,SD
Brandon,Hudson,08/07/66,XXX-XX-4780,IL
Rachel,Lewis,02/06/85,XXX-XX-5213,GA
Manuel,Rodriguez,03/07/81,XXX-XX-0042,WA
Gregory,Wilkinson,08/23/84,XXX-XX-6395,NC
Donna,Lopez,08/03/62,XXX-XX-6360,NH
David,Scott,03/10/92,XXX-XX-0749,MS
Gregory,Maxwell,11/21/77,XXX-XX-7057,NV
Daniel,Wilkins,09/24/75,XXX-XX-4870,MS
Jonathan,Henry,06/08/89,XXX-XX-2026,MT
Heather,Shepherd,09/17/84,XXX-XX-2527,WA
Cindy,Munoz,10/30/86,XXX-XX-0435,NH
Dalton,Bowman,12/24/77,XXX-XX-8792,ME
Jon,Clark,06/18/67,XXX-XX-8771,TN
Amber,Meyer,09/04/83,XXX-XX-5604,LA
Steven,Madden,06/18/72,XXX-XX-9767,IN
Victoria,Lewis,01/04/71,XXX-XX-6283,WA
Karl,Dudley,12/14/74,XXX-XX-6649,TX
Alicia,Stone,12/24/66,XXX-XX-8324,CO
Max,Mckay,08/17/60,XXX-XX-4918,SC
Richard,Brown,06/30/79,XXX-XX-0117,MT
Heather,Case,12/22/71,XXX-XX-1698,AR
Amy,Gonzalez,10/12/65,XXX-XX-2150,UT
Brandon,Armstrong,12/12/73,XXX-XX-5658,AZ
Terrance,Ewing,01/15/81,XXX-XX-5340,VA
Jessica,Boyd,04/27/60,XXX-XX-9784,VA
Corey,Taylor,03/09/66,XXX-XX-4578,MS
Frank,Blankenship,11/17/58,XXX-XX-3591,MS
Monica,Montgomery,10/14/75,XXX-XX-3158,MS
Tammy,Patrick,09/07/61,XXX-XX-7381,NM
Corey,Sawyer,08/13/82,XXX-XX-9114,DE
Linda,Anthony,01/23/94,XXX-XX-7298,SD
Travis,Patrick,10/12/67,XXX-XX-7968,TN
Linda,Davis,08/08/75,XXX-XX-0620,CT
Anthony,Adams,02/09/62,XXX-XX-1396,VT
Christopher,Johnson,11/03/59,XXX-XX-5547,CT
Tracy,Austin,08/06/80,XXX-XX-1904,RI
Matthew,Woodward,03/26/78,XXX-XX-6667,ID
Donna,Cole,01/19/73,XXX-XX-3401,NY
Alexis,Allen,08/11/63,XXX-XX-6449,TN
Stephen,Parker,03/18/67,XXX-XX-9288,CO
Nicole,Johnson,05/01/63,XXX-XX-0265,PA
Daniel,Green,06/16/76,XXX-XX-7915,AK
Dylan,Adams,04/16/66,XXX-XX-4597,CO
Jason,Davis,06/06/70,XXX-XX-5627,LA
Jennifer,Conrad,10/08/73,XXX-XX-2874,WY
Stephen,Dawson,06/30/85,XXX-XX-5741,AZ
Douglas,Smith,04/07/81,XXX-XX-9028,MA
Diane,Gray,10/26/68,XXX-XX-1654,HI
Benjamin,Gordon,07/26/74,XXX-XX-3940,CO
Stephanie,Miller,09/08/83,XXX-XX-8885,LA
Lynn,Stout,09/17/73,XXX-XX-6531,ME
Malik,Scott,02/02/58,XXX-XX-4261,ID
David,Brown,07/28/73,XXX-XX-5706,OK
Nathan,Jenkins,01/11/68,XXX-XX-6468,WI
Maria,Bryant,07/17/70,XXX-XX-3505,MA
Michael,Griffin,09/15/63,XXX-XX-4120,WA
Nathan,Smith,04/17/79,XXX-XX-9334,CA
James,Jackson,06/01/58,XXX-XX-4595,CA
Erika,Jones,02/02/77,XXX-XX-1552,AL
Stephanie,Leon,04/06/67,XXX-XX-0580,DE
Anthony,Walker,12/25/69,XXX-XX-5284,RI
Richard,Brooks,10/17/62,XXX-XX-5295,KY
Matthew,Bishop,06/10/73,XXX-XX-9588,NJ
Anthony,Thompson,10/04/90,XXX-XX-1051,MA
Justin,Garcia,09/21/61,XXX-XX-6120,NC
Miguel,Garcia,12/21/64,XXX-XX-5477,OH
Jeffrey,Randolph,09/24/76,XXX-XX-2699,IN
Raymond,Tran,04/09/57,XXX-XX-8575,FL
Brandon,Webb,09/10/66,XXX-XX-8353,UT
Brandon,Petersen,07/06/82,XXX-XX-1657,TN
Bryce,Ball,07/03/94,XXX-XX-1674,AZ
Blake,Watkins,02/25/73,XXX-XX-0572,NC
Gregory,Morales,08/21/60,XXX-XX-5605,CO
Alyssa,Wall,08/24/64,XXX-XX-2643,WA
Cynthia,Garcia,11/11/60,XXX-XX-2024,ID
Amber,Williams,12/03/69,XXX-XX-7515,NM
Steve,Stark,07/02/57,XXX-XX-7390,MI
Charles,Baird,02/29/68,XXX-XX-2710,FL
Mackenzie,Hall,02/28/90,XXX-XX-6862,AL
Aaron,King,05/29/64,XXX-XX-8792,SD
Joshua,Perez,02/08/84,XXX-XX-1226,GA
Alexander,Valdez,10/24/75,XXX-XX-7833,ND
Ashley,Santos,06/18/83,XXX-XX-4884,AL
Joshua,Stephens,04/11/88,XXX-XX-9528,VT
Steven,Long,08/18/94,XXX-XX-4594,TX
Jack,Jackson,07/05/75,XXX-XX-4734,NY
Roberto,Leonard,01/20/92,XXX-XX-8779,MA
Michael,Park,06/05/81,XXX-XX-4033,NM
Carl,Reeves,12/11/65,XXX-XX-8325,LA
Paul,Lee,07/22/76,XXX-XX-7697,IN
Kathryn,Ramirez,08/04/60,XXX-XX-0099,OH
Daniel,Medina,10/31/73,XXX-XX-8215,MS
Jesse,Gomez,01/30/61,XXX-XX-3664,SC
Brandon,Good,08/01/91,XXX-XX-5586,VA
Sandra,Suarez,06/08/74,XXX-XX-7890,GA
Jeffrey,Stevenson,12/07/57,XXX-XX-3851,CT
Richard,Mcdonald,02/21/57,XXX-XX-8008,ND
Joanna,Castillo,03/07/84,XXX-XX-1576,IN
Angelica,Reyes,06/06/92,XXX-XX-7139,AR
Jennifer,Wright,03/06/76,XXX-XX-3901,NM
James,Porter,06/30/57,XXX-XX-1319,CA
Krystal,Brown,01/31/61,XXX-XX-8909,TX
Christopher,Reyes,02/01/81,XXX-XX-4713,IN
Luis,Lewis,07/18/65,XXX-XX-3601,HI
Lynn,Owens,03/24/85,XXX-XX-8776,RI
Anthony,Phillips,12/12/60,XXX-XX-3754,NJ
Jessica,Mcdonald,12/29/70,XXX-XX-2911,MS
Michelle,Allen,09/13/72,XXX-XX-8147,TN
Victor,Webb,01/17/59,XXX-XX-2267,TN
Martin,Melton,04/06/72,XXX-XX-7978,NY
Pamela,Miles,11/15/62,XXX-XX-5312,NC
Christopher,Compton,09/05/58,XXX-XX-6855,SC
Annette,Rice,03/15/59,XXX-XX-1866,FL
Travis,Meza,01/10/74,XXX-XX-4313,NJ
Brian,Baker,07/28/76,XXX-XX-2839,IL
Sharon,Lee,10/23/67,XXX-XX-7596,DE
Brian,Sparks,02/14/67,XXX-XX-8194,HI
Dana,Ryan,10/10/62,XXX-XX-3761,VA
Maria,Stevens,05/12/58,XXX-XX-9113,CA
Julia,Berry,06/17/60,XXX-XX-3759,NH
Sarah,Williams,09/12/64,XXX-XX-3882,IA
Trevor,Short,07/29/80,XXX-XX-2488,ND
Michael,Johnson,04/11/62,XXX-XX-6015,ME
Louis,Cross,11/13/59,XXX-XX-7111,CO
Ryan,Smith,04/24/64,XXX-XX-2228,OK
Joan,Carter,01/06/64,XXX-XX-8092,KY
Karen,Franklin,06/17/67,XXX-XX-4888,VT
Christian,Palmer,04/30/92,XXX-XX-6104,AL
Kristopher,Smith,10/20/82,XXX-XX-3545,HI
Cheryl,Velez,07/21/63,XXX-XX-3300,TN
Jeffrey,Harris,12/20/93,XXX-XX-9625,MS
Jamie,Doyle,06/11/84,XXX-XX-1529,NV
Adam,Sims,12/20/73,XXX-XX-6337,ID
Joshua,Griffith,08/01/84,XXX-XX-3344,HI
Donald,Koch,10/02/89,XXX-XX-5788,CT
Wendy,Leonard,03/18/57,XXX-XX-7962,HI
Dana,Hubbard,08/06/80,XXX-XX-4700,FL
Brett,Carson,02/27/70,XXX-XX-5338,OK
Erica,Peters,11/05/80,XXX-XX-0341,SC
William,Carter,01/31/89,XXX-XX-1954,VT
Karen,Taylor,01/29/86,XXX-XX-6243,AZ
Virginia,Cobb,12/04/78,XXX-XX-9307,MI
Tamara,Watson,08/18/68,XXX-XX-6329,NJ
John,Middleton,07/24/83,XXX-XX-7354,OR
Alex,Cruz,12/23/64,XXX-XX-4744,CT
Theresa,Crawford,01/08/73,XXX-XX-9276,IL
Glenn,Chavez,11/29/70,XXX-XX-5246,NE
Carrie,Davis,07/16/63,XXX-XX-7399,WI
Michael,Haynes,09/13/74,XXX-XX-3346,NE
Michele,Arellano,04/12/81,XXX-XX-5875,IN
Gina,Stevens,04/05/92,XXX-XX-2359,PA
Elizabeth,Hatfield,04/07/59,XXX-XX-7821,NM
Michael,Reyes,07/21/58,XXX-XX-1842,FL
Spencer,Wilson,09/18/59,XXX-XX-7753,IN
Kevin,Smith,08/26/92,XXX-XX-8582,IN
Steven,Giles,11/19/80,XXX-XX-2061,VA
Mario,Butler,05/03/79,XXX-XX-3035,MA
Billy,Romero,01/29/58,XXX-XX-3100,VT
Katie,Miller,07/09/70,XXX-XX-7579,MA
William,Salinas,04/24/83,XXX-XX-6013,MO
Kendra,Alvarado,10/07/57,XXX-XX-0633,CA
Kimberly,Wright,03/20/79,XXX-XX-9022,OH
Judy,Nelson,10/17/68,XXX-XX-2012,NV
Alexandra,Golden,04/08/78,XXX-XX-3418,ND
Patricia,Park,07/28/65,XXX-XX-5775,CO
Kylie,Chavez,01/10/65,XXX-XX-3816,CT
Randy,Edwards,06/29/80,XXX-XX-9087,OR
Glenda,Hebert,05/18/87,XXX-XX-7625,NY
Erin,Garrett,04/29/80,XXX-XX-5815,SD
Donna,Floyd,03/30/57,XXX-XX-1819,SD
Brandon,Watson,02/12/74,XXX-XX-3375,PA
Paul,Patterson,02/22/85,XXX-XX-4729,PA
Hannah,Henderson,12/21/60,XXX-XX-5897,PA
Autumn,Smith,07/24/74,XXX-XX-7279,CA
Steven,Contreras,05/31/86,XXX-XX-6852,DE
Miguel,Russell,09/25/86,XXX-XX-0302,UT
Kim,Martin,08/03/64,XXX-XX-3452,SC
Heidi,Proctor,01/31/93,XXX-XX-9545,OH
Nicholas,May,06/19/76,XXX-XX-8728,KS
Michael,Nunez,06/22/82,XXX-XX-9379,WV
Gregory,Bowen,07/05/81,XXX-XX-1510,OH
Jennifer,Juarez,06/30/69,XXX-XX-9009,OK
April,Williamson,10/25/90,XXX-XX-8318,KS
Francisco,Smith,08/12/72,XXX-XX-1836,ND
Roger,Taylor,11/02/75,XXX-XX-6293,GA
Gabriela,Williams,01/10/76,XXX-XX-5792,AZ
Stephanie,Pittman,12/05/65,XXX-XX-0840,MD
Sarah,Porter,08/09/62,XXX-XX-3997,AZ
Ernest,Cooper,09/24/71,XXX-XX-2003,NJ
Alexandra,Fisher,03/06/76,XXX-XX-2206,AK
Henry,Turner,11/20/84,XXX-XX-7954,OK
Charles,Rogers,08/31/84,XXX-XX-8407,NV
Keith,Lynch,02/26/88,XXX-XX-4803,IA
Lindsay,Bowman,08/24/72,XXX-XX-8895,AL
Jennifer,Lutz,07/05/90,XXX-XX-2943,RI
Mark,Mills,11/20/62,XXX-XX-7406,AR
Dawn,Thomas,08/05/60,XXX-XX-0942,NC
Keith,Tyler,05/10/75,XXX-XX-7953,MO
Joseph,Smith,03/12/60,XXX-XX-3836,LA
Michael,Dudley,03/10/66,XXX-XX-3459,SD
Blake,Bowman,01/17/61,XXX-XX-8076,ND
Amy,Graves,08/22/94,XXX-XX-9448,SC
Robert,Hill,10/03/68,XXX-XX-8902,AR
Robert,Davis,08/13/88,XXX-XX-5405,MD
Tammy,Horton,03/06/81,XXX-XX-0677,RI
Allison,Watkins,03/27/92,XXX-XX-1605,NV
James,Mathis,11/29/89,XXX-XX-3276,IA
Sabrina,Shelton,02/03/58,XXX-XX-2668,ID
Rachel,Coleman,10/26/83,XXX-XX-7638,SD
William,Cantrell,08/17/73,XXX-XX-4706,CA
Donna,Carroll,09/16/68,XXX-XX-9127,MA
Tammy,Harris,01/26/61,XXX-XX-8283,OH
Debra,Pena,10/16/57,XXX-XX-9872,MN
James,Reilly,03/01/57,XXX-XX-7935,SD
Robert,Krause,03/11/57,XXX-XX-5246,NM
Chad,Crawford,11/05/90,XXX-XX-0638,IL
Luke,Huerta,01/05/86,XXX-XX-5912,MI
Corey,Long,09/06/78,XXX-XX-9787,MO
Joshua,Flores,10/30/87,XXX-XX-5727,NE
Jeffery,Collins,06/01/93,XXX-XX-4791,KY
Michael,Clements,01/03/94,XXX-XX-6223,NC
Christopher,Williams,02/23/77,XXX-XX-6535,HI
Laura,Mata,10/22/66,XXX-XX-5794,AL
Jessica,Campbell,09/16/68,XXX-XX-2121,FL
Kristy,Hebert,11/12/73,XXX-XX-9892,WA
Rachel,Silva,11/19/74,XXX-XX-3474,ND
Tyrone,Dean,01/31/86,XXX-XX-5932,VA
Angela,White,02/17/63,XXX-XX-2921,ME
Teresa,Bell,05/12/75,XXX-XX-1580,IN
Edwin,Williams,07/27/81,XXX-XX-6206,PA
Hannah,Hicks,06/05/78,XXX-XX-9383,LA
Kevin,Rivera,03/14/94,XXX-XX-8418,DE
Trevor,Jones,07/28/59,XXX-XX-5747,OR
Emily,Silva,04/24/89,XXX-XX-5242,MN
Emma,Thomas,02/25/60,XXX-XX-2668,ND
Lisa,Myers,07/22/80,XXX-XX-7446,WI
Jennifer,King,02/04/75,XXX-XX-2581,MD
Dylan,Walker,11/01/71,XXX-XX-4143,GA
Andrea,Snyder,07/10/81,XXX-XX-3882,KY
Samuel,Lane,02/09/92,XXX-XX-2267,OK
Jennifer,Cameron,05/16/62,XXX-XX-7541,OR
Rodney,Cross,06/14/85,XXX-XX-4949,NE
Dustin,Brown,12/18/90,XXX-XX-3364,OR
Krista,Mack,09/30/69,XXX-XX-0563,SD
Luis,Ruiz,02/01/77,XXX-XX-4894,NV
Cassandra,Johnson,12/01/91,XXX-XX-0203,AL
Ruth,Nichols,07/21/90,XXX-XX-7608,NE
Pamela,Dean,08/15/87,XXX-XX-3302,CT
Beth,Lee,12/08/61,XXX-XX-1371,MN
Christopher,Martin,04/26/77,XXX-XX-9812,WY
Amanda,Johnson,09/03/74,XXX-XX-7153,MA
Joseph,Barnett,10/24/59,XXX-XX-1644,OR
Maria,Burns,11/24/79,XXX-XX-9488,WV
Kevin,Riley,09/05/62,XXX-XX-5605,WV
Brian,Reyes,07/15/62,XXX-XX-0510,WV
Jeffrey,Robinson,06/21/58,XXX-XX-6490,MO
David,Gardner,09/05/61,XXX-XX-8396,FL
Tracey,Downs,02/28/74,XXX-XX-4596,NM
Cody,Ramirez,10/15/82,XXX-XX-7950,LA
Heather,Gray,05/09/81,XXX-XX-6848,KS
Erika,Lewis,02/15/60,XXX-XX-9111,CO
Ronald,Maynard,11/22/78,XXX-XX-9020,KY
Ashley,Saunders,06/11/91,XXX-XX-5309,GA
Paul,Kaufman,11/02/78,XXX-XX-0964,IA
Nathan,Rosario,06/15/64,XXX-XX-5027,NY
Melissa,Nguyen,10/06/78,XXX-XX-1193,MN
Mitchell,Gill,07/27/89,XXX-XX-7598,KY
Michael,Shaw,04/18/77,XXX-XX-8249,OR
Crystal,Jones,12/20/72,XXX-XX-8160,MD
Jasmine,Harrison,12/04/57,XXX-XX-0602,WV
Chase,Grant,05/04/85,XXX-XX-1229,KS
Shawn,Kidd,04/10/61,XXX-XX-4240,MN
Chris,Robinson,01/24/70,XXX-XX-1013,SC
Carla,Smith,05/05/69,XXX-XX-6182,AL
Kimberly,Burns,01/30/85,XXX-XX-5610,CA
Lori,Sullivan,10/05/92,XXX-XX-4062,NY
Jennifer,Williams,02/25/94,XXX-XX-7025,ME
John,Lamb,03/09/86,XXX-XX-1494,CO
Joanne,Lamb,06/28/74,XXX-XX-6922,LA
David,Brown,12/27/78,XXX-XX-4274,DE
Scott,Leach,04/03/85,XXX-XX-5144,AR
Andrew,Tyler,04/08/70,XXX-XX-3511,IA
